<?xml version="1.0" encoding="utf-8"?><checkstyle version="4.3"><file name="C:\Users\ayush.srivastava03\Desktop\hoopla-project\hoopla-angular-material\hoopla-users-backend\src\app.js"><error line="1" column="1" severity="error" message="Definition for rule &apos;max-classes-per-file&apos; was not found (max-classes-per-file)" source="eslint.rules.max-classes-per-file" /><error line="1" column="1" severity="error" message="Definition for rule &apos;prefer-named-capture-group&apos; was not found (prefer-named-capture-group)" source="eslint.rules.prefer-named-capture-group" /><error line="1" column="1" severity="error" message="Definition for rule &apos;prefer-object-spread&apos; was not found (prefer-object-spread)" source="eslint.rules.prefer-object-spread" /><error line="1" column="1" severity="error" message="Definition for rule &apos;require-unicode-regexp&apos; was not found (require-unicode-regexp)" source="eslint.rules.require-unicode-regexp" /></file><file name="C:\Users\ayush.srivastava03\Desktop\hoopla-project\hoopla-angular-material\hoopla-users-backend\src\model\cart.js"><error line="1" column="1" severity="error" message="Definition for rule &apos;max-classes-per-file&apos; was not found (max-classes-per-file)" source="eslint.rules.max-classes-per-file" /><error line="1" column="1" severity="error" message="Definition for rule &apos;prefer-named-capture-group&apos; was not found (prefer-named-capture-group)" source="eslint.rules.prefer-named-capture-group" /><error line="1" column="1" severity="error" message="Definition for rule &apos;prefer-object-spread&apos; was not found (prefer-object-spread)" source="eslint.rules.prefer-object-spread" /><error line="1" column="1" severity="error" message="Definition for rule &apos;require-unicode-regexp&apos; was not found (require-unicode-regexp)" source="eslint.rules.require-unicode-regexp" /></file><file name="C:\Users\ayush.srivastava03\Desktop\hoopla-project\hoopla-angular-material\hoopla-users-backend\src\model\dbSetup.js"><error line="1" column="1" severity="error" message="Definition for rule &apos;max-classes-per-file&apos; was not found (max-classes-per-file)" source="eslint.rules.max-classes-per-file" /><error line="1" column="1" severity="error" message="Definition for rule &apos;prefer-named-capture-group&apos; was not found (prefer-named-capture-group)" source="eslint.rules.prefer-named-capture-group" /><error line="1" column="1" severity="error" message="Definition for rule &apos;prefer-object-spread&apos; was not found (prefer-object-spread)" source="eslint.rules.prefer-object-spread" /><error line="1" column="1" severity="error" message="Definition for rule &apos;require-unicode-regexp&apos; was not found (require-unicode-regexp)" source="eslint.rules.require-unicode-regexp" /></file><file name="C:\Users\ayush.srivastava03\Desktop\hoopla-project\hoopla-angular-material\hoopla-users-backend\src\model\login.js"><error line="1" column="1" severity="error" message="Definition for rule &apos;max-classes-per-file&apos; was not found (max-classes-per-file)" source="eslint.rules.max-classes-per-file" /><error line="1" column="1" severity="error" message="Definition for rule &apos;prefer-named-capture-group&apos; was not found (prefer-named-capture-group)" source="eslint.rules.prefer-named-capture-group" /><error line="1" column="1" severity="error" message="Definition for rule &apos;prefer-object-spread&apos; was not found (prefer-object-spread)" source="eslint.rules.prefer-object-spread" /><error line="1" column="1" severity="error" message="Definition for rule &apos;require-unicode-regexp&apos; was not found (require-unicode-regexp)" source="eslint.rules.require-unicode-regexp" /></file><file name="C:\Users\ayush.srivastava03\Desktop\hoopla-project\hoopla-angular-material\hoopla-users-backend\src\model\prod.js"><error line="1" column="1" severity="error" message="Definition for rule &apos;max-classes-per-file&apos; was not found (max-classes-per-file)" source="eslint.rules.max-classes-per-file" /><error line="1" column="1" severity="error" message="Definition for rule &apos;prefer-named-capture-group&apos; was not found (prefer-named-capture-group)" source="eslint.rules.prefer-named-capture-group" /><error line="1" column="1" severity="error" message="Definition for rule &apos;prefer-object-spread&apos; was not found (prefer-object-spread)" source="eslint.rules.prefer-object-spread" /><error line="1" column="1" severity="error" message="Definition for rule &apos;require-unicode-regexp&apos; was not found (require-unicode-regexp)" source="eslint.rules.require-unicode-regexp" /></file><file name="C:\Users\ayush.srivastava03\Desktop\hoopla-project\hoopla-angular-material\hoopla-users-backend\src\model\Product.js"><error line="1" column="1" severity="error" message="Definition for rule &apos;max-classes-per-file&apos; was not found (max-classes-per-file)" source="eslint.rules.max-classes-per-file" /><error line="1" column="1" severity="error" message="Definition for rule &apos;prefer-named-capture-group&apos; was not found (prefer-named-capture-group)" source="eslint.rules.prefer-named-capture-group" /><error line="1" column="1" severity="error" message="Definition for rule &apos;prefer-object-spread&apos; was not found (prefer-object-spread)" source="eslint.rules.prefer-object-spread" /><error line="1" column="1" severity="error" message="Definition for rule &apos;require-unicode-regexp&apos; was not found (require-unicode-regexp)" source="eslint.rules.require-unicode-regexp" /></file><file name="C:\Users\ayush.srivastava03\Desktop\hoopla-project\hoopla-angular-material\hoopla-users-backend\src\model\seller.js"><error line="1" column="1" severity="error" message="Definition for rule &apos;max-classes-per-file&apos; was not found (max-classes-per-file)" source="eslint.rules.max-classes-per-file" /><error line="1" column="1" severity="error" message="Definition for rule &apos;prefer-named-capture-group&apos; was not found (prefer-named-capture-group)" source="eslint.rules.prefer-named-capture-group" /><error line="1" column="1" severity="error" message="Definition for rule &apos;prefer-object-spread&apos; was not found (prefer-object-spread)" source="eslint.rules.prefer-object-spread" /><error line="1" column="1" severity="error" message="Definition for rule &apos;require-unicode-regexp&apos; was not found (require-unicode-regexp)" source="eslint.rules.require-unicode-regexp" /></file><file name="C:\Users\ayush.srivastava03\Desktop\hoopla-project\hoopla-angular-material\hoopla-users-backend\src\model\user.js"><error line="1" column="1" severity="error" message="Definition for rule &apos;max-classes-per-file&apos; was not found (max-classes-per-file)" source="eslint.rules.max-classes-per-file" /><error line="1" column="1" severity="error" message="Definition for rule &apos;prefer-named-capture-group&apos; was not found (prefer-named-capture-group)" source="eslint.rules.prefer-named-capture-group" /><error line="1" column="1" severity="error" message="Definition for rule &apos;prefer-object-spread&apos; was not found (prefer-object-spread)" source="eslint.rules.prefer-object-spread" /><error line="1" column="1" severity="error" message="Definition for rule &apos;require-unicode-regexp&apos; was not found (require-unicode-regexp)" source="eslint.rules.require-unicode-regexp" /><error line="175" column="19" severity="error" message="&apos;err&apos; is defined but never used. (no-unused-vars)" source="eslint.rules.no-unused-vars" /><error line="178" column="15" severity="error" message="&apos;err&apos; is defined but never used. (no-unused-vars)" source="eslint.rules.no-unused-vars" /><error line="188" column="114" severity="error" message="&apos;details&apos; is defined but never used. (no-unused-vars)" source="eslint.rules.no-unused-vars" /><error line="219" column="63" severity="error" message="&apos;err&apos; is defined but never used. (no-unused-vars)" source="eslint.rules.no-unused-vars" /></file><file name="C:\Users\ayush.srivastava03\Desktop\hoopla-project\hoopla-angular-material\hoopla-users-backend\src\model\vieworder.js"><error line="1" column="1" severity="error" message="Definition for rule &apos;max-classes-per-file&apos; was not found (max-classes-per-file)" source="eslint.rules.max-classes-per-file" /><error line="1" column="1" severity="error" message="Definition for rule &apos;prefer-named-capture-group&apos; was not found (prefer-named-capture-group)" source="eslint.rules.prefer-named-capture-group" /><error line="1" column="1" severity="error" message="Definition for rule &apos;prefer-object-spread&apos; was not found (prefer-object-spread)" source="eslint.rules.prefer-object-spread" /><error line="1" column="1" severity="error" message="Definition for rule &apos;require-unicode-regexp&apos; was not found (require-unicode-regexp)" source="eslint.rules.require-unicode-regexp" /></file><file name="C:\Users\ayush.srivastava03\Desktop\hoopla-project\hoopla-angular-material\hoopla-users-backend\src\routes\routing.js"><error line="1" column="1" severity="error" message="Definition for rule &apos;max-classes-per-file&apos; was not found (max-classes-per-file)" source="eslint.rules.max-classes-per-file" /><error line="1" column="1" severity="error" message="Definition for rule &apos;prefer-named-capture-group&apos; was not found (prefer-named-capture-group)" source="eslint.rules.prefer-named-capture-group" /><error line="1" column="1" severity="error" message="Definition for rule &apos;prefer-object-spread&apos; was not found (prefer-object-spread)" source="eslint.rules.prefer-object-spread" /><error line="1" column="1" severity="error" message="Definition for rule &apos;require-unicode-regexp&apos; was not found (require-unicode-regexp)" source="eslint.rules.require-unicode-regexp" /><error line="37" column="47" severity="error" message="&apos;next&apos; is defined but never used. (no-unused-vars)" source="eslint.rules.no-unused-vars" /></file><file name="C:\Users\ayush.srivastava03\Desktop\hoopla-project\hoopla-angular-material\hoopla-users-backend\src\service\user.js"><error line="1" column="1" severity="error" message="Definition for rule &apos;max-classes-per-file&apos; was not found (max-classes-per-file)" source="eslint.rules.max-classes-per-file" /><error line="1" column="1" severity="error" message="Definition for rule &apos;prefer-named-capture-group&apos; was not found (prefer-named-capture-group)" source="eslint.rules.prefer-named-capture-group" /><error line="1" column="1" severity="error" message="Definition for rule &apos;prefer-object-spread&apos; was not found (prefer-object-spread)" source="eslint.rules.prefer-object-spread" /><error line="1" column="1" severity="error" message="Definition for rule &apos;require-unicode-regexp&apos; was not found (require-unicode-regexp)" source="eslint.rules.require-unicode-regexp" /></file><file name="C:\Users\ayush.srivastava03\Desktop\hoopla-project\hoopla-angular-material\hoopla-users-backend\src\utilities\connection.js"><error line="1" column="1" severity="error" message="Definition for rule &apos;max-classes-per-file&apos; was not found (max-classes-per-file)" source="eslint.rules.max-classes-per-file" /><error line="1" column="1" severity="error" message="Definition for rule &apos;prefer-named-capture-group&apos; was not found (prefer-named-capture-group)" source="eslint.rules.prefer-named-capture-group" /><error line="1" column="1" severity="error" message="Definition for rule &apos;prefer-object-spread&apos; was not found (prefer-object-spread)" source="eslint.rules.prefer-object-spread" /><error line="1" column="1" severity="error" message="Definition for rule &apos;require-unicode-regexp&apos; was not found (require-unicode-regexp)" source="eslint.rules.require-unicode-regexp" /></file><file name="C:\Users\ayush.srivastava03\Desktop\hoopla-project\hoopla-angular-material\hoopla-users-backend\src\utilities\errorlogger.js"><error line="1" column="1" severity="error" message="Definition for rule &apos;max-classes-per-file&apos; was not found (max-classes-per-file)" source="eslint.rules.max-classes-per-file" /><error line="1" column="1" severity="error" message="Definition for rule &apos;prefer-named-capture-group&apos; was not found (prefer-named-capture-group)" source="eslint.rules.prefer-named-capture-group" /><error line="1" column="1" severity="error" message="Definition for rule &apos;prefer-object-spread&apos; was not found (prefer-object-spread)" source="eslint.rules.prefer-object-spread" /><error line="1" column="1" severity="error" message="Definition for rule &apos;require-unicode-regexp&apos; was not found (require-unicode-regexp)" source="eslint.rules.require-unicode-regexp" /></file><file name="C:\Users\ayush.srivastava03\Desktop\hoopla-project\hoopla-angular-material\hoopla-users-backend\src\utilities\requestlogger.js"><error line="1" column="1" severity="error" message="Definition for rule &apos;max-classes-per-file&apos; was not found (max-classes-per-file)" source="eslint.rules.max-classes-per-file" /><error line="1" column="1" severity="error" message="Definition for rule &apos;prefer-named-capture-group&apos; was not found (prefer-named-capture-group)" source="eslint.rules.prefer-named-capture-group" /><error line="1" column="1" severity="error" message="Definition for rule &apos;prefer-object-spread&apos; was not found (prefer-object-spread)" source="eslint.rules.prefer-object-spread" /><error line="1" column="1" severity="error" message="Definition for rule &apos;require-unicode-regexp&apos; was not found (require-unicode-regexp)" source="eslint.rules.require-unicode-regexp" /></file></checkstyle>